City ID,City,Country Code,Latitude,Longitude,Temperature,Humidity,Clouds,Wind Speed
5848280,Kapaa,US,22.0752,-159.319,72.61,88,90,25.32
3899539,Antofagasta,CL,-23.65,-70.4,69.8,73,20,6.91
1282256,Hithadhoo,MV,-0.6,73.0833,83.64,64,94,5.08
5503914,Fallon,US,39.4735,-118.7774,44.6,26,75,11.5
4726521,San Patricio,US,28.017,-97.5169,67.64,83,1,19.57
2191562,Dunedin,NZ,-45.8742,170.5036,57.63,83,100,1.01
4030556,Rikitea,PF,-23.1203,-134.9692,80.78,81,7,15.57
5122534,Jamestown,US,42.097,-79.2353,37.18,49,1,4.12
3354077,Opuwo,NA,-18.0607,13.84,64.08,35,96,1.86
6185377,Yellowknife,CA,62.456,-114.3525,-4.0,59,20,5.88
2163355,Hobart,AU,-42.8794,147.3294,67.33,42,20,10.36
3380290,Sinnamary,GF,5.3833,-52.95,76.89,86,100,10.29
2141714,Bourail,NC,-21.5667,165.4833,82.02,59,53,5.26
2015306,Tiksi,RU,71.6872,128.8694,-8.18,89,100,4.07
2075265,Busselton,AU,-33.65,115.3333,81.54,51,100,4.0
5855927,Hilo,US,19.7297,-155.09,68.29,94,90,5.75
964432,Port Alfred,ZA,-33.5906,26.891,66.99,78,0,1.99
3874787,Punta Arenas,CL,-53.15,-70.9167,51.4,76,40,5.75
2110227,Butaritari,KI,3.0707,172.7902,81.68,73,100,8.63
4323873,Estelle,US,29.8458,-90.1067,62.53,94,40,8.05
3369157,Cape Town,ZA,-33.9258,18.4232,66.29,94,90,19.57
4256085,Connersville,US,39.6412,-85.1411,50.49,53,0,8.75
4035715,Avarua,CK,-21.2078,-159.775,80.6,83,75,4.61
3698359,Chicama,PE,-7.8447,-79.1469,75.38,69,100,3.29
3397967,Itaituba,BR,-4.2761,-55.9836,75.2,94,75,0.58
4020109,Atuona,PF,-9.8,-139.0333,79.95,75,30,18.05
3418910,Upernavik,GL,72.7868,-56.1549,10.56,84,100,3.0
2112802,Hasaki,JP,35.7333,140.8333,62.24,34,20,14.97
1512223,Abalak,RU,58.1286,68.5944,-3.91,93,76,3.83
3832791,Villa Carlos Paz,AR,-31.4241,-64.4978,70.54,81,0,1.99
2146219,Hervey Bay,AU,-25.2986,152.8535,88.65,51,40,11.5
5924351,Clyde River,CA,70.4692,-68.5914,-4.0,84,90,18.41
3831208,Qaanaaq,GL,77.484,-69.3632,3.25,81,56,3.58
6160806,Sylvan Lake,CA,52.3168,-114.0853,31.89,80,1,9.22
4032243,Vaini,TO,-21.2,-175.2,82.4,57,20,14.97
1486321,Yar-Sale,RU,66.8333,70.8333,-23.51,85,85,7.09
3470137,Belmonte,BR,-15.8631,-38.8828,75.2,78,0,4.61
4100525,Batesville,US,35.7698,-91.641,61.54,55,1,5.75
2094342,Kavieng,PG,-2.5744,150.7967,84.65,68,92,12.03
5044290,Saint Anthony,US,45.0205,-93.218,54.19,71,1,9.22
3421319,Nuuk,GL,64.1835,-51.7216,22.01,80,90,3.44
1006984,East London,ZA,-33.0153,27.9116,71.51,56,0,4.52
2027042,Batagay-Alyta,RU,67.8006,130.4114,1.74,85,100,5.41
3395458,Maragogi,BR,-9.0122,-35.2225,79.03,84,35,9.46
3833367,Ushuaia,AR,-54.8,-68.3,59.0,51,40,6.4
1507390,Dikson,RU,73.5069,80.5464,-23.58,88,100,7.05
6201424,Mataura,NZ,-46.1927,168.8643,59.0,76,100,14.0
1714733,Dingle,PH,10.9995,122.6711,82.4,68,46,15.64
2022572,Khatanga,RU,71.9667,102.5,-23.31,85,100,14.79
1529484,Kumul,CN,42.8,93.45,48.54,46,50,6.49
1524606,Derzhavīnsk,KZ,51.1,66.3167,12.97,96,99,5.88
1488903,Turukhansk,RU,65.8167,87.9833,-24.84,86,100,4.5
3176748,Forio,IT,40.7342,13.8646,49.93,91,100,11.01
3437443,Pozo Colorado,PY,-23.4923,-58.7972,75.2,46,0,5.57
3533462,Acapulco de Juárez,MX,16.8634,-99.8901,80.6,74,75,6.91
2206939,Bluff,NZ,-46.6,168.3333,59.0,76,79,14.0
3420846,Qaqortoq,GL,60.7167,-46.0333,23.0,54,75,5.75
3662342,São Gabriel da Cachoeira,BR,-0.1303,-67.0892,73.0,97,100,2.26
515879,Oktyabr'skiy,RU,54.4815,53.471,7.11,95,100,5.88
1252783,Yārāda,IN,17.65,83.2667,77.0,88,20,4.61
1698289,Pundaguitan,PH,6.3711,126.1689,78.85,83,100,7.45
3393692,Itarema,BR,-2.9248,-39.9167,78.89,84,95,9.62
2259655,Impfondo,CG,1.6381,18.0667,73.09,67,93,2.53
3985710,Cabo San Lucas,MX,22.8909,-109.9124,74.7,46,75,12.84
5983607,Inuvik,CA,68.3499,-133.7218,8.6,72,59,4.61
2036338,Kaitong,CN,44.8135,123.15,40.44,48,48,16.49
3393106,Paragominas,BR,-2.9667,-47.4833,72.09,98,100,2.57
3994863,Nombre de Dios,MX,23.85,-104.2333,71.6,6,75,11.5
964420,Port Elizabeth,ZA,-33.918,25.5701,64.4,77,0,5.75
1161724,Chabahar,IR,25.2919,60.643,70.03,78,0,8.28
3372707,Ribeira Grande,PT,38.5167,-28.7,60.96,88,99,16.82
2094746,Kandrian,PG,-6.2167,149.55,83.84,75,59,6.29
4031574,Provideniya,RU,64.3833,-173.3,-9.4,77,0,17.9
779622,Havøysund,NO,70.9963,24.6622,12.2,67,0,9.35
2136825,Isangel,VU,-19.55,169.2667,81.54,63,3,11.21
2618795,Klaksvík,FO,62.2266,-6.589,44.6,81,90,33.38
1804153,Leshan,CN,29.5623,103.7639,56.16,74,100,3.36
2312895,Mbandaka,CD,0.0487,18.2603,74.16,71,55,3.53
4036284,Alofi,NU,-19.0595,-169.9187,80.6,69,75,14.97
3661944,Tefé,BR,-3.3542,-64.7114,72.57,98,98,2.46
5106841,Albany,US,42.6001,-73.9662,36.48,70,20,4.61
2208248,Kaitangata,NZ,-46.2817,169.8464,60.01,81,100,8.01
2014624,Udachny,RU,66.4167,112.4,-2.09,88,97,19.82
2394560,Djougou,BJ,9.7085,1.666,77.86,69,100,8.05
1517637,Ushtobe,KZ,45.2514,77.9838,36.97,77,88,9.89
3691094,Uchiza,PE,-8.4592,-76.4633,71.53,85,100,0.85
608036,Temir,KZ,49.1414,57.13,23.45,96,100,21.54
546105,Nikolskoye,RU,59.7035,30.7861,-4.34,71,0,8.95
3361934,Saldanha,ZA,-33.0117,17.9442,62.6,94,100,17.27
3466704,Castro,BR,-24.7911,-50.0119,56.35,92,4,3.36
877631,Namikupa,TZ,-10.8333,39.6,72.36,97,100,2.82
3366880,Hermanus,ZA,-34.4187,19.2345,63.0,96,94,15.01
6162949,Terrace,CA,54.5163,-128.6035,41.0,45,20,11.5
2638419,Scarborough,GB,54.2797,-0.4044,40.6,90,100,10.0
5374376,Monterey,US,36.2505,-121.2516,35.98,94,51,3.74
2126199,Cherskiy,RU,68.75,161.3,-6.38,90,100,12.26
1717787,Catuday,PH,16.2923,119.8062,80.87,63,0,11.25
2017155,Saskylakh,RU,71.9167,114.0833,-24.59,83,95,12.68
1162634,Wana,PK,32.2989,69.5725,52.02,52,0,0.92
4465088,Elizabeth City,US,36.2946,-76.2511,53.42,54,1,9.22
3430863,Mar del Plata,AR,-38.0023,-57.5575,63.79,82,40,4.61
485660,Tsimmerbude,RU,54.675,20.1347,23.52,74,0,4.47
1512218,Aban,RU,56.67,96.06,13.08,94,23,8.7
1106677,Bambous Virieux,MU,-20.3428,57.7575,75.56,88,75,8.32
3452640,Porto Seguro,BR,-16.4497,-39.0647,75.2,78,0,4.61
3674676,Mitú,CO,1.1983,-70.1733,71.91,97,100,1.63
4034551,Faanui,PF,-16.4833,-151.75,82.54,72,91,12.59
2028164,Deputatsky,RU,69.3,139.9,-5.31,88,100,3.06
6149996,Smithers,CA,54.7804,-127.1743,33.8,60,20,8.05
3984997,San Quintín,MX,30.4833,-115.95,56.3,68,0,20.13
2125693,Evensk,RU,61.95,159.2333,-9.83,84,100,3.4
2381334,Atar,MR,20.5169,-13.0499,61.18,40,96,11.72
5282297,Bethel,US,41.3712,-73.414,38.28,65,1,3.78
935215,Saint-Philippe,RE,-21.3585,55.7679,70.66,64,20,5.75
5546220,Saint George,US,37.1041,-113.5841,54.84,14,1,13.8
1649150,Bengkulu,ID,-3.8004,102.2655,82.27,69,42,2.82
1712961,Gigmoto,PH,13.7796,124.39,82.62,65,25,14.32
2629833,Husavik,IS,66.0449,-17.3389,30.2,86,90,14.97
2121385,Severo-Kuril'sk,RU,50.6789,156.125,31.68,95,99,16.15
3623601,Guácimo,CR,10.2104,-83.6807,69.4,60,0,17.27
3447423,Soledade,BR,-28.8183,-52.5103,57.49,98,2,5.82
2068655,Katherine,AU,-14.4667,132.2667,87.8,62,79,5.75
4031637,Lavrentiya,RU,65.5833,-171.0,-8.7,84,13,10.2
6170031,Tuktoyaktuk,CA,69.4541,-133.0374,-0.4,71,75,16.11
3381041,Mana,GF,5.6592,-53.7767,76.6,87,92,8.99
5866583,Saint Paul Harbor,US,57.79,-152.4072,39.2,81,90,6.91
4013679,Coahuayana Viejo,MX,18.7333,-103.6833,75.2,53,75,8.05
3671387,Puerto Nariño,CO,-3.7703,-70.3831,73.4,100,40,2.3
3466752,Cássia,BR,-20.5831,-46.9219,65.62,90,72,1.74
5600685,Meridian,US,43.6121,-116.3915,43.97,34,20,6.53
2145554,Ulladulla,AU,-35.35,150.4667,70.84,60,75,9.22
2264557,Ponta do Sol,PT,32.6667,-17.1,50.92,58,0,5.01
2122090,Pevek,RU,69.7008,170.3133,-12.41,86,100,11.3
1267390,Kavaratti,IN,10.5669,72.642,82.92,71,88,7.45
542464,Krasnoarmeysk,RU,51.0239,45.6969,5.77,64,55,5.99
5880054,Barrow,US,71.2906,-156.7887,14.0,48,1,14.97
1863997,Fukuechō,JP,32.6881,128.8419,60.8,55,20,11.5
2012530,Zhigansk,RU,66.7697,123.3711,8.37,94,100,23.22
3163146,Andenes,NO,69.3143,16.1194,22.69,68,100,13.8
2271968,Aljezur,PT,37.3191,-8.8033,48.47,77,71,7.0
2417988,Macenta,GN,8.5435,-9.471,68.54,93,100,0.92
1566346,Thai Binh,VN,20.45,106.3333,75.2,83,0,8.05
1797945,Qingyuan,CN,23.7,113.0333,69.03,73,75,4.47
1015776,Bredasdorp,ZA,-34.5322,20.0403,71.6,60,50,17.27
1252795,Yanam,IN,16.7333,82.2167,78.8,78,20,4.61
70979,Sayyan,YE,15.1718,44.3244,52.74,38,0,1.79
2108857,Gizo Government Station,SB,-8.103,156.8419,84.0,70,20,1.99
3670502,Sabanalarga,CO,10.6296,-74.9206,78.8,78,20,10.36
3388847,São Félix do Xingu,BR,-6.6447,-51.995,71.92,96,100,2.15
3495137,Pedernales,DO,18.0384,-71.744,77.81,70,100,2.59
2511930,Requena,ES,39.4883,-1.1004,46.51,93,75,3.44
2017215,Sangar,RU,63.9242,127.4739,1.4,92,100,18.05
3129476,Arnedo,ES,42.2167,-2.1,34.5,93,3,9.22
2071860,Esperance,AU,-33.8667,121.9,77.0,50,99,14.97
2654970,Brae,GB,60.3964,-1.353,42.8,87,90,40.29
535839,Leshukonskoye,RU,64.8989,45.7622,-11.09,91,83,3.36
3421719,Narsaq,GL,60.9167,-46.05,23.0,54,75,5.75
161616,Balkanabat,TM,39.5108,54.3671,39.7,72,68,2.93
1786657,Yinchuan,CN,38.4681,106.2731,50.07,49,100,2.24
2126785,Belaya Gora,RU,68.5333,146.4167,-5.49,85,47,10.89
3387204,Soure,BR,-0.7167,-48.5233,74.75,93,100,5.95
2612204,Struer Municipality,DK,56.4912,8.5838,27.82,80,0,3.44
3932145,Pisco,PE,-13.7,-76.2167,74.25,73,0,5.75
2126123,Chokurdakh,RU,70.6333,147.9167,-10.89,88,60,10.71
3037943,Ambérieu-en-Bugey,FR,45.9589,5.3432,35.74,80,0,3.44
3372760,Praia da Vitória,PT,38.7333,-27.0667,58.37,94,20,7.92
6255012,Flinders,AU,-34.5833,150.8552,73.83,60,75,9.22
2119283,Zyryanka,RU,65.75,150.85,-4.76,84,6,19.39
1214026,Sabang,ID,5.8933,95.3214,82.63,73,0,18.57
572070,Borovsk,RU,55.2064,36.4861,-4.0,77,0,8.95
2447513,Arlit,NE,18.7369,7.3853,77.74,15,0,9.73
1735106,George Town,MY,5.4112,100.3354,83.43,48,20,6.91
2018553,Ol'ga,RU,43.7444,135.2892,36.25,66,0,16.58
935214,Saint-Pierre,RE,-21.3393,55.4781,72.77,64,20,5.75
4032369,Pangai,TO,-19.8,-174.35,82.4,54,20,5.75
2020824,Lermontovka,RU,47.1453,134.3383,26.06,95,60,5.53
55671,Kismayo,SO,-0.3582,42.5454,78.04,85,93,12.86
1039536,Maxixe,MZ,-23.8597,35.3472,71.71,84,4,8.3
4499379,Wilmington,US,34.2257,-77.9447,54.12,54,1,9.22
3419842,Sisimiut,GL,66.9395,-53.6735,18.45,94,100,11.52
2181625,Te Anau,NZ,-45.4167,167.7167,59.27,81,59,3.06
1244926,Hambantota,LK,6.1241,81.1185,71.6,100,20,3.44
6089245,Norman Wells,CA,65.282,-126.8329,3.2,60,20,5.75
1275719,Bihārīganj,IN,25.7333,86.9833,72.99,34,0,1.7
3404558,Cabedelo,BR,-6.9811,-34.8339,77.0,94,0,4.61
6355222,Yulara,AU,-25.2406,130.9889,89.6,37,0,6.91
4015700,Cananea,MX,30.95,-110.3,57.33,35,26,11.34
417594,Shahreza,IR,32.0339,51.8794,42.51,60,19,2.06
2303611,Esim,GH,4.8699,-2.2405,80.1,85,100,6.89
286621,Salalah,OM,17.0151,54.0924,71.6,37,0,2.3
5972762,Hay River,CA,60.8156,-115.7999,-5.8,77,100,5.75
3424607,Tasiilaq,GL,65.6145,-37.6368,14.09,95,100,4.38
3379316,Lethem,GY,3.3803,-59.7968,80.33,62,22,12.46
2021066,Kyakhta,RU,50.3508,106.4494,25.21,94,0,4.52
2242885,Camabatela,AO,-8.1881,15.375,60.89,98,86,0.85
3471451,Arraial do Cabo,BR,-22.9661,-42.0278,76.39,85,100,10.13
3920244,Chulumani,BO,-16.4096,-67.5263,60.89,77,25,1.16
3453060,Pontes e Lacerda,BR,-15.2261,-59.3353,71.71,83,0,2.77
3682232,Galeras,CO,9.161,-75.0481,82.15,59,64,8.57
3145614,Storforshei,NO,66.4043,14.5233,6.03,84,61,5.57
2013399,Vikhorevka,RU,56.1201,101.1636,13.89,57,100,6.71
934322,Mahébourg,MU,-20.4081,57.7,75.2,88,75,8.43
3421765,Nanortalik,GL,60.1432,-45.2371,22.96,95,30,4.29
72181,Marzuq,YE,14.4,46.4667,55.67,36,0,3.22
5386754,Redlands,US,34.0556,-117.1825,51.66,44,40,12.66
1254133,Tuensang,IN,26.2833,94.8333,66.81,62,28,1.77
3650053,Yantzaza,EC,-3.8278,-78.7594,68.22,84,100,0.87
64814,Bandarbeyla,SO,9.4942,50.8122,75.96,77,18,7.85
2510485,Tías,ES,28.9611,-13.645,62.6,51,90,19.57
5364271,Laguna,US,38.421,-121.4238,50.43,71,90,4.61
2610343,Vestmanna,FO,62.1564,-7.1664,44.6,81,90,33.38
2206874,Waipawa,NZ,-41.4122,175.5153,65.1,77,75,27.63
3013521,Hennebont,FR,47.8051,-3.2734,42.51,81,75,8.05
2173323,Bundaberg,AU,-24.85,152.35,88.43,51,40,11.5
464790,Zapolyarnyy,RU,69.4154,30.8136,5.0,78,90,10.36
5962442,Goderich,CA,43.7501,-81.7165,39.2,70,30,8.05
2109701,Auki,SB,-8.7676,160.7034,83.34,76,100,4.05
1266668,Khonsa,IN,27.0167,95.5667,67.69,59,14,0.69
3382160,Cayenne,GF,4.9333,-52.3333,79.48,83,75,4.61
1065158,Farafangana,MG,-22.8167,47.8333,75.69,76,39,2.01
2181742,Taupo,NZ,-38.6833,176.0833,66.0,76,100,1.99
3652764,Puerto Ayora,EC,-0.7393,-90.3518,80.01,89,100,1.95
2155415,New Norfolk,AU,-42.7826,147.0587,68.36,33,0,1.99
1785036,Zhangye,CN,38.9342,100.4517,46.58,45,0,4.99
2079582,Alyangula,AU,-13.8483,136.4192,80.6,89,40,6.91
1260777,Pālanpur,IN,24.1667,72.4333,66.56,52,0,3.11
1307741,Myitkyina,MM,25.3833,97.4,71.85,48,0,3.33
4013724,Camargo,MX,27.6667,-105.1667,78.6,15,100,17.78
2249281,Linguère,SN,15.3953,-15.1193,71.51,26,0,11.59
2449893,Tessalit,ML,20.1986,1.0114,74.61,16,47,3.11
1733432,Kota Kinabalu,MY,5.9749,116.0724,83.17,79,20,4.61
2155562,Nelson Bay,AU,-32.7167,152.15,76.12,64,75,11.5
2021618,Krasnokamensk,RU,50.0979,118.0369,18.75,92,0,3.78
1494237,Predivinsk,RU,57.0669,93.4378,14.86,91,53,9.1
3461370,Imbituba,BR,-28.24,-48.6703,71.6,73,0,9.22
5911440,Burgeo,CA,47.6167,-57.6152,23.72,92,77,9.84
1507116,Dudinka,RU,69.4058,86.1778,-20.43,87,100,7.78
1814757,Chuzhou,CN,32.3219,118.2978,59.0,54,0,1.99
6100799,Pemberton,CA,50.3164,-122.8027,39.2,65,40,2.3
2022773,Khandyga,RU,62.6667,135.6,9.34,92,100,7.83
6096551,Pangnirtung,CA,66.1451,-65.7125,-1.77,87,100,2.77
4881346,West Des Moines,US,41.572,-93.7453,64.44,55,90,9.22
1633419,Padang,ID,-0.9492,100.3543,80.6,78,20,8.05
3357247,Gobabis,NA,-22.45,18.9667,66.87,26,0,5.1
3354898,Okahandja,NA,-21.9833,16.9167,61.39,34,0,8.05
3013633,Arrondissement du Havre,FR,49.5833,0.3333,40.14,81,0,5.75
6167817,Torbay,CA,47.6666,-52.7314,25.43,86,20,19.57
176758,Kaputa,ZM,-8.4689,29.6619,64.42,78,10,2.8
3893629,Coquimbo,CL,-29.9533,-71.3436,62.6,88,75,5.75
2021093,Kuytun,RU,54.3419,101.5036,17.38,94,78,10.4
468063,Yelan',RU,50.949,43.7378,1.69,93,80,9.69
3372472,Vila Franca do Campo,PT,37.7167,-25.4333,59.0,94,75,12.66
88533,Awjilah,LY,29.1081,21.2869,59.16,84,15,9.13
2051471,Dalnegorsk,RU,44.5604,135.5701,30.67,87,6,11.07
1687186,Sarangani,PH,5.4033,125.4636,81.55,74,100,4.32
609906,Fort-Shevchenko,KZ,44.5086,50.263,35.47,86,100,11.63
3115824,Muros,ES,42.7762,-9.0603,37.67,90,80,3.71
2112309,Katsuura,JP,35.1333,140.3,60.82,33,20,23.02
293842,Kiryat Gat,IL,31.61,34.7642,62.62,50,68,4.0
3024035,Concarneau,FR,47.875,-3.9225,42.84,81,90,8.05
1798480,Pumiao,CN,22.75,108.4833,59.0,100,90,4.47
2090021,Namatanai,PG,-3.6667,152.4333,84.16,66,92,7.43
4984247,Ann Arbor,US,42.2776,-83.7409,41.59,75,1,4.61
2537881,Safi,MA,32.2994,-9.2372,52.39,74,2,14.45
5129852,Oneonta,US,42.4529,-75.0638,30.72,84,33,0.96
2093691,Kokoda,PG,-8.8785,147.7407,89.62,45,57,5.91
2156643,Mount Gambier,AU,-37.8333,140.7667,68.0,52,85,8.05
2070998,Geraldton,AU,-28.7667,114.6,82.4,65,0,9.22
1168700,Ormara,PK,25.2088,64.6357,69.03,73,0,3.96
3520989,Puerto Madero,MX,14.7208,-92.4215,78.8,89,40,2.62
1512019,Aksarka,RU,66.5606,67.7975,-23.69,82,97,6.49
2120591,Tilichiki,RU,60.4667,166.1,-5.91,89,100,4.14
1272140,Dwārka,IN,22.2394,68.9678,73.92,79,0,6.15
3440034,Tacuarembó,UY,-31.7333,-55.9833,64.22,89,0,5.93
2122493,Omsukchan,RU,62.5333,155.8,-5.3,83,0,6.62
554830,Izhma,RU,65.0083,53.9113,-15.21,89,100,4.14
2137773,Vao,NC,-22.6667,167.4833,76.19,70,67,11.9
1804430,Lanzhou,CN,36.0564,103.7922,48.2,40,0,2.24
2145214,Victoria Point,AU,-27.5833,153.3,84.92,65,8,8.01
1728675,Balabac,PH,7.9868,117.0645,82.76,73,100,17.09
3466980,Caravelas,BR,-17.7125,-39.2481,75.45,89,99,4.41
4362001,Mayo,US,38.8876,-76.5119,50.77,66,1,3.65
1267635,Karwar,IN,14.8,74.1333,75.24,81,5,5.1
6690296,Saint-Joseph,RE,-21.3667,55.6167,70.75,64,20,5.75
5847411,Kahului,US,20.8947,-156.47,69.55,78,90,9.22
2109528,Buala,SB,-8.145,159.5921,84.11,73,39,1.07
497927,Segezha,RU,63.7415,34.3222,-3.71,92,11,7.96
317844,Çumra,TR,37.5732,32.7745,35.6,64,0,1.14
5954718,Flin Flon,CA,54.7682,-101.865,13.87,92,0,4.65
3899695,Ancud,CL,-41.8697,-73.8203,57.97,100,90,19.57
4513583,Hamilton,US,39.1834,-84.5333,52.07,35,1,5.75
1259385,Port Blair,IN,11.6667,92.75,82.4,83,20,3.44
464179,Zavetnoye,RU,47.1194,43.8903,24.94,94,34,7.65
2175403,Blackwater,AU,-23.5833,148.8833,88.43,44,6,6.04
3458266,Macaé,BR,-22.3708,-41.7869,71.6,100,90,3.44
1529195,Shihezi,CN,44.3,86.0333,28.99,98,100,2.53
6552856,Rastede,DE,53.25,8.2,35.67,98,77,4.99
3576994,Cockburn Town,TC,21.4612,-71.1419,75.51,80,87,30.04
4021858,Guerrero Negro,MX,27.9769,-114.0611,58.62,70,49,19.35
1821274,Macao,MO,22.2006,113.5461,68.0,83,40,13.8
1862505,Hirara,JP,24.8,125.2833,72.34,68,75,13.8
1490085,Tarko-Sale,RU,64.9225,77.785,-31.58,83,7,7.09
2120048,Ust-Nera,RU,64.5667,143.2,-4.59,83,100,7.76
3386213,Touros,BR,-5.1989,-35.4608,78.8,83,40,6.91
1789647,Xichang,CN,27.8964,102.2634,59.07,53,53,2.01
5339663,Coronado,US,32.6859,-117.1831,55.06,62,40,8.05
2171099,Codrington,AU,-38.2667,141.9667,66.72,58,10,11.56
1814093,Dali,CN,25.7,100.1833,56.08,51,2,4.61
2176639,Batemans Bay,AU,-35.7167,150.1833,68.58,73,89,1.01
3433715,Goya,AR,-29.14,-59.2626,73.33,48,0,6.89
3466165,Cidreira,BR,-30.1811,-50.2056,69.13,76,0,2.26
7671223,Kloulklubed,PW,7.0419,134.2556,80.6,89,90,11.5
1214488,Meulaboh,ID,4.1363,96.1285,77.92,73,1,5.06
5713587,Bend,US,44.0582,-121.3153,32.68,86,75,9.22
103630,Najrān,SA,17.4924,44.1277,62.6,25,0,4.61
1819729,Hong Kong,HK,22.2855,114.1577,65.61,79,67,1.01
6165406,Thompson,CA,55.7435,-97.8558,6.8,66,40,2.59
3454408,Pedregulho,BR,-20.2569,-47.4767,63.05,95,56,1.05
694712,Syedove,UA,47.0768,38.156,24.01,100,1,4.0
2450173,Taoudenni,ML,22.6783,-3.9836,64.58,29,0,12.39
779554,Honningsvåg,NO,70.9821,25.9704,20.79,88,100,11.21
212730,Kisangani,CD,0.5167,25.2,69.12,95,100,2.24
1862555,Hirado,JP,33.3597,129.5531,60.8,47,20,10.36
1648759,Bima,ID,-8.4667,118.7167,79.7,81,100,2.1
1177446,Gwadar,PK,25.1216,62.3254,69.85,73,0,1.14
2212775,Sabha,LY,27.0377,14.4283,65.52,35,92,11.36
4231997,Avera,US,33.194,-82.5271,53.17,43,1,4.43
6144312,Sept-Îles,CA,50.2001,-66.3821,24.06,74,20,6.91
898947,Senanga,ZM,-16.1167,23.2667,64.17,85,0,4.27
3691638,Tabalosos,PE,-6.35,-76.6833,80.6,69,40,5.75
6137462,Saint-Augustin,CA,51.226,-58.6502,20.73,95,65,9.71
2381972,Adrar,MR,20.5022,-10.0711,60.03,39,100,12.88
286245,Sur,OM,22.5667,59.5289,73.94,44,0,2.68
6067747,Matagami,CA,49.7502,-77.6328,39.2,52,90,6.91
3666409,Uribia,CO,11.7139,-72.266,77.86,70,16,16.84
2174444,Bowen,AU,-20.0167,148.2333,84.2,65,0,11.5
2077895,Alice Springs,AU,-23.7,133.8833,89.8,31,0,10.36
3372745,Rabo de Peixe,PT,37.8,-25.5833,59.0,94,75,12.66
3868308,Vicuña,CL,-30.0319,-70.7081,62.6,88,75,5.75
5859699,College,US,64.8569,-147.8028,27.41,59,75,3.44
3883457,Lebu,CL,-37.6167,-73.65,59.02,87,100,3.51
2112444,Kamaishi,JP,39.2667,141.8833,42.8,45,75,12.66
1490256,Talnakh,RU,69.4865,88.3972,-18.36,86,100,3.36
3374210,São Filipe,CV,14.8961,-24.4956,69.1,79,50,8.9
1855342,Nishihara,JP,26.1842,127.7558,71.46,46,40,11.5
1498161,Muzhi,RU,65.3667,64.6667,-22.0,81,83,4.63
2025489,Chernigovka,RU,44.3389,132.5728,30.54,85,0,7.18
3860443,Comodoro Rivadavia,AR,-45.8667,-67.5,78.8,34,0,20.71
3839307,Rawson,AR,-43.3002,-65.1023,82.9,28,73,27.67
2270385,Camacha,PT,33.0833,-16.3333,59.0,67,40,12.66
556268,Ostrovnoy,RU,68.0531,39.5131,18.73,94,100,15.99
2644204,Livingston,GB,55.9029,-3.5226,45.18,87,90,24.16
5870133,Nome,US,64.5011,-165.4064,19.4,86,90,13.8
3385980,Tucumã,BR,-0.1833,-50.05,74.01,95,100,4.25
1648636,Bitung,ID,1.4451,125.1824,86.0,70,40,4.61
1489822,Tegul'det,RU,57.3064,88.1667,12.43,93,78,10.42
3904906,Santa Cruz de la Sierra,BO,-17.8,-63.1667,73.4,100,0,4.61
2123979,Kuril'sk,RU,45.2333,147.8833,33.06,96,75,9.57
5866063,Kenai,US,60.5544,-151.2583,30.13,86,90,9.22
2132606,Samarai,PG,-10.6167,150.6667,83.95,69,89,8.97
988290,Komatipoort,ZA,-25.4332,31.9548,73.9,69,0,5.75
2398073,Mouila,GA,-1.8685,11.0559,74.35,93,69,0.6
625144,Minsk,BY,53.9,27.5667,15.4,79,0,4.47
2037391,Fengzhen,CN,40.4394,113.1536,46.04,56,98,7.4
305681,Kumluca,TR,36.3703,30.2869,56.93,47,93,8.32
2524371,Locri,IT,38.2414,16.2623,50.68,88,90,6.91
4014603,Chalchihuites,MX,23.4833,-103.8833,57.15,31,61,6.31
3408368,Acaraú,BR,-2.8856,-40.12,78.93,84,100,10.25
2074865,Carnarvon,AU,-24.8667,113.6333,82.4,69,0,8.05
467479,Yenotayevka,RU,47.2456,47.0281,30.0,65,65,1.01
3430545,Morón,AR,-34.6534,-58.6198,70.88,74,0,4.0
2019951,Mirny,RU,62.5353,113.9611,4.69,90,100,19.35
1586443,Ca Mau,VN,9.1769,105.15,84.85,59,73,10.65
3146487,Raudeberg,NO,61.9875,5.1352,43.0,45,40,11.86
2194098,Ahipara,NZ,-35.1667,173.1667,69.21,66,99,13.44
1061335,Mananjary,MG,-21.2167,48.3333,75.52,82,35,1.9
986717,Kruisfontein,ZA,-34.0033,24.7314,67.1,49,4,7.14
714548,Tótkomlós,HU,46.4167,20.7333,32.0,55,0,6.91
2083537,Wewak,PG,-3.5534,143.6268,83.71,69,78,5.01
2025456,Chernyshevskiy,RU,63.0128,112.4714,2.32,91,100,17.98
1513491,Yangi Marg`ilon,UZ,40.4272,71.7189,48.2,61,100,6.91
3979216,Camalú,MX,30.85,-116.0667,53.01,50,0,5.99
2527087,Tiznit Province,MA,29.5833,-9.5,49.14,80,17,3.53
2240449,Luanda,AO,-8.8368,13.2343,80.6,83,20,4.61
3691954,Sechura,PE,-5.5569,-80.8222,77.23,75,99,2.08
1489863,Tayzhina,RU,53.6679,87.4362,18.84,95,91,3.24
2033423,Yebaishou,CN,41.3975,119.6408,50.81,47,97,12.06
1492252,Sheregesh,RU,52.9209,87.9869,18.84,95,100,2.93
5710035,West Wendover,US,40.7391,-114.0733,42.8,36,90,6.91
2065594,Mount Isa,AU,-20.7333,139.5,93.2,33,8,13.8
3355672,Lüderitz,NA,-26.6481,15.1594,62.56,73,0,6.6
1580541,Hoi An,VN,15.8794,108.335,77.0,83,75,1.14
2152659,Port Macquarie,AU,-31.4333,152.9167,75.2,69,90,9.22
5919850,Chapais,CA,49.7834,-74.8492,19.4,93,75,4.61
58933,Garoowe,SO,8.4054,48.4845,68.86,82,97,11.23
5882953,Aklavik,CA,68.2191,-135.0107,8.6,72,26,4.61
5563839,Fortuna,US,40.5982,-124.1573,42.78,93,90,11.5
1218612,Murgab,TM,37.4966,61.9714,44.6,70,90,9.22
154635,Matamba,TZ,-8.9833,33.9667,53.82,88,100,3.8
4992232,Escanaba,US,45.7453,-87.0646,40.39,75,90,9.22
3461789,Guarujá,BR,-23.9931,-46.2564,75.99,26,17,2.13
2123100,Myaundzha,RU,63.0494,147.1858,-11.56,83,13,2.89
1507220,Dovolnoye,RU,54.4958,79.6671,5.05,93,99,7.94
5655240,Great Falls,US,47.5002,-111.3008,31.08,69,1,3.44
3894426,Coyhaique,CL,-45.5752,-72.0662,50.99,84,62,5.32
1624725,Tarakan,ID,3.3,117.6333,79.63,78,100,3.49
1608451,Nan,TH,18.8333,100.6667,73.4,78,75,4.61
1276574,Bela,IN,25.9333,81.9833,73.06,27,0,3.24
1106643,Quatre Cocos,MU,-20.2078,57.7625,75.61,88,75,7.74
5975034,High Prairie,CA,55.4334,-116.4858,23.0,86,100,17.27
2090990,Mendi,PG,-6.1761,143.6513,61.74,95,100,3.18
509649,Pichayevo,RU,53.2363,42.2032,-4.86,92,69,8.16
1277776,Baihar,IN,22.1,80.55,75.56,29,0,1.5
2084442,Vanimo,PG,-2.6741,141.3028,83.68,72,96,5.99
6141439,Sault Ste. Marie,CA,46.5168,-84.3333,35.6,80,1,10.36
4026082,Lázaro Cárdenas,MX,17.9583,-102.2,74.05,86,0,7.34
933416,Manyana,BW,-23.4,21.7167,69.28,52,0,8.25
1651531,Ambon City,ID,-3.6954,128.1814,89.6,55,40,9.22
1651810,Airai,TL,-8.9266,125.4092,71.94,77,79,1.01
97572,Marivan,IR,35.5219,46.176,39.49,78,100,1.77
930025,Dedza,MW,-14.3779,34.3332,57.34,100,100,0.38
2036892,Hohhot,CN,40.8106,111.6522,48.2,43,97,2.24
5887798,Assiniboia,CA,49.6334,-105.9845,26.6,93,100,8.05
3939761,Hualmay,PE,-11.0964,-77.6139,72.64,79,99,1.1
57000,Hobyo,SO,5.3505,48.5268,77.13,84,4,11.43
3670218,San Andrés,CO,12.5847,-81.7006,80.6,78,40,22.03
3423146,Ilulissat,GL,69.2167,-51.1,17.6,73,90,4.0
1154689,Ko Samui,TH,9.5357,99.9357,84.2,65,20,11.5
2064735,Nhulunbuy,AU,-12.2333,136.7667,86.0,70,75,10.36
564487,Dubrovka,RU,53.6907,33.5071,6.8,78,0,4.47
2729907,Longyearbyen,SJ,78.2186,15.6401,19.4,93,20,8.05
6111862,Port Hardy,CA,50.6996,-127.4199,46.4,66,40,8.05
2221513,Tignère,CM,7.3667,12.65,65.52,25,0,2.77
140463,Birjand,IR,32.8663,59.2211,39.2,30,0,4.61
3347353,Menongue,AO,-14.6585,17.691,62.83,77,5,3.33
3887344,Illapel,CL,-31.6308,-71.1653,62.56,70,12,1.14
3670719,Riosucio,CO,5.4216,-75.7032,69.8,83,40,1.43
1812256,Dongsheng,CN,39.8161,109.9776,44.2,60,100,16.2
4034496,Fare,PF,-16.7,-151.0167,82.63,67,98,11.99
946058,Mthatha,ZA,-31.5889,28.7844,57.2,100,6,5.75
3465228,Coxim,BR,-18.5067,-54.76,74.21,79,0,2.77
5861897,Fairbanks,US,64.8378,-147.7164,27.27,59,90,1.36
478849,Uralets,RU,57.6614,59.6497,-3.35,94,82,2.91
2937959,Bone,DE,51.9669,12.1396,33.31,60,99,1.01
3436617,Yegros,PY,-26.45,-56.4,69.15,60,0,4.65
5097801,Fairview,US,40.8126,-73.999,48.38,35,1,6.91
1797551,Qinzhou,CN,21.95,108.6167,71.85,78,94,9.17
336745,Gewanē,ET,10.1664,40.6453,71.92,75,0,4.36
5131638,Plainview,US,40.7765,-73.4673,46.72,43,1,6.91
553766,Kamenka,RU,51.3223,42.7678,-1.21,93,85,8.88
1490796,Strezhevoy,RU,60.7333,77.5889,-13.0,77,0,2.24
1250161,Batticaloa,LK,7.7102,81.6924,79.84,77,59,2.93
3838859,Río Gallegos,AR,-51.6226,-69.2181,66.2,42,0,18.41
1626703,Soe,ID,-9.8607,124.284,78.94,69,100,2.3
1254710,Tezpur,IN,26.6333,92.8,73.31,50,11,9.26
236950,Obo,CF,5.3998,26.4869,70.88,49,27,1.68
1501377,Kungurtug,RU,50.5994,97.5228,18.23,87,0,2.42
2121025,Srednekolymsk,RU,67.45,153.6833,-3.24,84,47,8.57
4156404,Gainesville,US,29.6516,-82.3248,58.46,72,1,6.91
3412093,Vestmannaeyjar,IS,63.4427,-20.2734,37.38,76,100,15.93
1710554,Iraray,PH,8.9936,118.0511,82.96,70,77,14.79
933995,Souillac,MU,-20.5167,57.5167,75.2,88,75,6.53
3347939,Lobito,AO,-12.3481,13.5456,78.75,83,60,4.14
583345,Aleksandrov Gay,RU,50.147,48.5704,8.46,94,8,12.48
1254709,Tezu,IN,27.9167,96.1667,75.78,33,42,0.74
1090397,Bandrele,YT,-12.9067,45.1914,78.8,89,0,3.44
7117100,Vila,PT,42.0304,-8.1588,37.0,89,50,1.01
2019718,Mukhen,RU,48.1,136.1,26.44,94,49,5.88
2122614,Ekhabi,RU,53.5102,142.9671,15.22,95,7,8.55
149812,Sokoni,TZ,-6.4333,39.55,78.8,83,20,10.13
287832,Ibrā’,OM,22.6906,58.5334,62.22,43,0,1.43
481548,Troitsko-Pechorsk,RU,62.7084,56.1964,-23.98,86,0,3.31
5516233,Amarillo,US,35.222,-101.8313,65.26,45,1,21.85
1337610,Thinadhoo,MV,0.5333,72.9333,83.75,65,9,3.15
5983720,Iqaluit,CA,63.7506,-68.5145,8.6,72,90,7.45
2123814,Leningradskiy,RU,69.3833,178.4167,-9.89,84,100,6.93
1636022,Martapura,ID,-3.4167,114.85,78.8,89,20,5.75
2108502,Honiara,SB,-9.4333,159.95,84.42,74,96,3.49
1529376,Korla,CN,41.7597,86.1469,47.14,51,5,4.61
189741,Lamu,KE,-2.2717,40.902,77.34,86,82,9.48
1497337,Noril'sk,RU,69.3535,88.2027,-18.26,85,100,4.52
1863495,Gushikawa,JP,26.3544,127.8686,71.38,60,40,12.66
340358,Dabat,ET,12.9842,37.765,53.87,43,0,3.38
2015852,Svetlaya,RU,46.5389,138.3297,34.14,76,0,14.85
295277,Eilat,IL,29.5581,34.9482,68.83,27,0,2.46
2636719,Glenluce,GB,54.8798,-4.8084,46.0,94,100,14.38
5641727,Bozeman,US,45.6796,-111.0386,30.52,69,1,3.44
934479,Grand Gaube,MU,-20.0064,57.6608,75.99,82,5,4.0
5712169,Baker City,US,44.7749,-117.8344,30.31,60,1,9.22
5911745,Burns Lake,CA,54.2331,-125.7533,35.6,38,27,10.36
3443061,Chui,UY,-33.6971,-53.4616,65.32,89,12,6.89
1273765,Dābhol,IN,17.6,73.1667,73.96,58,12,3.51
1028434,Quelimane,MZ,-17.8786,36.8883,80.6,83,0,3.71
686090,Asău,RO,46.4333,26.4,32.0,51,100,1.74
5557293,Sitka,US,57.0531,-135.33,39.2,52,75,11.5
364933,Umm Kaddadah,SD,13.6017,26.6876,71.67,18,0,13.85
2966356,Bantry,IE,51.6833,-9.45,50.0,93,75,11.5
2464701,Tataouine,TN,32.9297,10.4518,53.6,76,0,2.3
3843123,Neuquén,AR,-38.9516,-68.0591,82.4,39,0,3.44
3398931,Gilbués,BR,-9.8317,-45.3439,74.73,75,0,0.96
1510689,Baykit,RU,61.67,96.37,9.34,92,100,4.76
2092164,Lorengau,PG,-2.0226,147.2712,85.19,69,91,10.2
3107677,Tortosa,ES,40.8125,0.5216,40.42,66,0,14.0
1502073,Krasnosel'kup,RU,65.7,82.4667,-31.52,83,66,6.49
1489656,Teya,RU,60.3778,92.6267,15.44,92,100,9.33
364103,Wad Medani,SD,14.4012,33.5199,77.76,24,0,9.37
4675577,Bonham,US,33.5773,-96.1783,64.17,72,90,9.22
4151316,Clearwater,US,27.9659,-82.8001,66.56,52,16,8.05
704422,Krasnoarmiys'k,UA,48.282,37.1758,22.98,91,60,6.89
172515,Abu Samrah,SY,35.3029,37.1841,49.96,77,2,7.94
2229748,Kumbo,CM,6.2,10.6667,61.95,57,17,2.66
1626542,Sorong,ID,-0.8833,131.25,83.44,70,55,2.33
895953,Zambezi,ZM,-13.5432,23.1047,65.97,92,100,0.74
523392,Naryan-Mar,RU,67.6713,53.087,2.37,94,100,8.61
1726449,Basco,PH,20.4487,121.9702,75.65,79,25,24.05
1853174,Sakaiminato,JP,35.55,133.2333,53.6,62,75,16.11
548478,Kirillov,RU,59.863,38.3813,-17.73,88,0,4.14
2172797,Cairns,AU,-16.9167,145.7667,87.01,58,0,11.5
1491230,Sovetskiy,RU,61.3614,63.5842,-14.84,90,98,3.83
3166509,Siniscola,IT,40.5719,9.6922,46.4,87,40,6.91
1260178,Patāmundai,IN,20.5667,86.5667,77.11,73,0,6.29
6014443,Lac du Bonnet,CA,50.2536,-96.0612,30.99,99,99,13.0
3628423,San Felipe,VE,10.3399,-68.7425,69.93,89,62,5.03
2127060,Arman',RU,59.7,150.1667,0.95,82,4,1.48
1786855,Yatou,CN,37.15,122.3833,52.23,47,0,4.45
2138555,Poum,NC,-20.2333,164.0167,79.75,70,2,5.14
231947,Katakwi,UG,1.8911,33.9661,66.94,82,60,4.38
1707108,Latung,PH,5.5,120.8833,82.27,68,70,2.51
780687,Berlevåg,NO,70.8578,29.0864,14.83,91,69,17.78
2101169,Aitape,PG,-3.1374,142.3475,84.02,73,42,7.05
3414079,Olafsvik,IS,64.8945,-23.7142,34.27,87,100,35.19
2179825,Waitati,NZ,-45.75,170.5667,56.95,88,100,13.0
1489853,Tazovsky,RU,67.4667,78.7,-19.1,88,99,6.8
6323121,Florianópolis,BR,-27.6146,-48.5012,71.87,73,0,9.22
5314245,Show Low,US,34.2542,-110.0298,47.82,23,1,29.93
3381428,Iracoubo,GF,5.4802,-53.2011,77.05,85,100,10.18
923058,Kambove,CD,-10.8764,26.5969,57.9,98,40,2.51
739598,Sinop Province,TR,41.7711,34.8709,31.71,90,7,5.77
3662761,Porto Walter,BR,-8.2686,-72.7439,72.21,98,100,2.55
110690,Faya,SA,18.3851,42.4509,58.1,88,0,2.68
1259069,Rādhanpur,IN,23.8333,71.6,68.58,75,0,4.5
890516,Gwanda,ZW,-20.9333,29.0,67.55,49,0,7.02
1497917,Nefteyugansk,RU,61.0998,72.6035,-23.8,76,0,2.24
4033557,Tautira,PF,-17.7333,-149.15,86.5,66,75,11.5
3892454,Diego de Almagro,CL,-26.3667,-70.05,58.48,77,0,1.21
3139597,Sistranda,NO,63.7256,8.834,30.2,69,0,25.32
3141548,Rognan,NO,67.0953,15.3878,21.61,63,0,23.02
4946620,Palmer,US,42.1584,-72.3287,33.66,60,1,5.75
1280957,Jiayuguan City,CN,39.8167,98.3,42.73,54,10,5.44
2269142,Colares,PT,38.7992,-9.4469,50.54,78,34,14.56
